theolscale,ednumeric,female,black,hispanic,libdum,consdum,psc,RWA
2,5,0,no,0,0,1,-0.292626685,1
3,3,"""one""",yes,0,0,0,-1.361168247,1
3,4,1,no,0,0,0,-1.448749007,1
3,2,0,no,0,0,0,-0.702566383,1
1,6,0,no,0,0,0,1.040470149,0
2,5,0,no,0,1,0,1.040470149,0.5
1,5,0,no,0,0,1,1.091198807,1
25,5,1,no,0,0,1,0.773461439,1
2,5,111,no,0,0,1,-0.64334548,0.5
3,6,0,no,0,0,1,0.263797858,1
